{
  "gradients": [
    {
      "right": "#051937",
      "left": "#A8EB12",
      "direction": "to right"
    },
    {
      "right": "#FF6B6B",
      "left": "#FFD93D",
      "direction": "to right"
    },
    {
      "right": "#36D1DC",
      "left": "#5B86E5",
      "direction": "to right"
    },
    {
      "right": "#FAD0C4",
      "left": "#FFD1FF",
      "direction": "to right"
    },
    {
      "right": "#00C9FF",
      "left": "#92FE9D",
      "direction": "to right"
    },
    {
      "right": "#F2709C",
      "left": "#FF9472",
      "direction": "to right"
    }
  ]
}
